model,MAE,R2
Baseline,18640.143198090693,0.9999473723976824
RandomForest,27660.517661097852,0.9998604534245075
